{"cameraMode":{"drawMode":0,"name":"Shaded","section":"Shading Mode"},"sceneLighting":true,"audioPlay":false,"sceneViewState":{"m_AlwaysRefresh":false,"showFog":true,"showSkybox":true,"showFlares":true,"showImageEffects":true,"showParticleSystems":true,"showVisualEffectGraphs":true,"m_FxEnabled":true},"in2DMode":false,"pivot":{"x":962.8877563476563,"y":316.1717224121094,"z":137.45318603515626},"rotation":{"x":-0.2315911203622818,"y":0.006124231498688459,"z":-0.0014731544069945813,"w":-0.9728326797485352},"size":675.8495483398438,"orthographic":false}